cohort_month,observation_month,age_months,customers_acquired,customers_retained,logo_retention,cohort_mrr
2023-01-01,2023-01-01,0,37,37,1.0,12100.318557708413
2023-01-01,2023-02-01,1,37,36,0.972972972972973,11843.922618539671
2023-01-01,2023-03-01,2,37,36,0.972972972972973,11914.986154250908
2023-01-01,2023-04-01,3,37,35,0.9459459459459459,11653.518402532627
2023-01-01,2023-05-01,4,37,34,0.918918918918919,11388.484098292169
2023-01-01,2023-06-01,5,37,34,0.918918918918919,11456.815002881922
2023-01-01,2023-07-01,6,37,33,0.8918918918918919,11186.568954872766
2023-01-01,2023-08-01,7,37,33,0.8918918918918919,11253.688368602005
2023-01-01,2023-09-01,8,37,32,0.8648648648648649,10978.143514001082
2023-01-01,2023-10-01,9,37,31,0.8378378378378378,10698.88698836368
2023-01-01,2023-11-01,10,37,31,0.8378378378378378,10763.080310293863
2023-01-01,2023-12-01,11,37,30,0.8108108108108109,10478.379476279637
2023-01-01,2024-01-01,12,37,30,0.8108108108108109,10541.249753137317
2023-01-01,2024-02-01,13,37,29,0.7837837837837838,10251.01400993427
2023-01-01,2024-03-01,14,37,29,0.7837837837837838,10312.520093993875
2023-01-01,2024-04-01,15,37,28,0.7567567567567568,10016.6574485386
2023-01-01,2024-05-01,16,37,28,0.7567567567567568,10076.757393229835
2023-01-01,2024-06-01,17,37,27,0.7297297297297297,9775.174439818167
2023-01-01,2024-07-01,18,37,27,0.7297297297297297,9833.825486457077
2023-01-01,2024-08-01,19,37,26,0.7027027027027027,9526.427386065603
2023-01-01,2024-09-01,20,37,26,0.7027027027027027,9583.585950382
2023-01-01,2024-10-01,21,37,25,0.6756756756756757,9270.276409696433
2023-01-01,2024-11-01,22,37,25,0.6756756756756757,9325.89806815461
2023-01-01,2024-12-01,23,37,24,0.6486486486486487,9006.579318300997
2023-01-01,2025-01-01,24,37,24,0.6486486486486487,9060.618794210804
2023-01-01,2025-02-01,25,37,24,0.6486486486486487,9114.982506976068
2023-01-01,2025-03-01,26,37,23,0.6216216216216216,8787.602718600512
2023-01-01,2025-04-01,27,37,23,0.6216216216216216,8840.328334912114
2023-01-01,2025-05-01,28,37,22,0.5945945945945946,8506.702030794562
2023-01-01,2025-06-01,29,37,22,0.5945945945945946,8557.74224297933
2023-01-01,2025-07-01,30,37,22,0.5945945945945946,8609.088696437206
2023-01-01,2025-08-01,31,37,21,0.5675675675675675,8267.073081860563
2023-01-01,2025-09-01,32,37,21,0.5675675675675675,8316.675520351728
2023-01-01,2025-10-01,33,37,20,0.5405405405405406,7968.167212832227
2023-01-01,2025-11-01,34,37,20,0.5405405405405406,8015.976216109219
2023-01-01,2025-12-01,35,37,20,0.5405405405405406,8064.072073405875
2023-01-01,2026-01-01,36,37,19,0.5135135135135135,7706.833680553994
2023-01-01,2026-02-01,37,37,19,0.5135135135135135,7753.074682637319
2023-01-01,2026-03-01,38,37,19,0.5135135135135135,7799.593130733142
2023-01-01,2026-04-01,39,37,18,0.4864864864864865,7433.422758490302
2023-01-01,2026-05-01,40,37,18,0.4864864864864865,7478.023295041245
2023-01-01,2026-06-01,41,37,18,0.4864864864864865,7522.891434811491
2023-01-01,2026-07-01,42,37,17,0.4594594594594595,7147.582739897007
2023-01-01,2026-08-01,43,37,17,0.4594594594594595,7190.468236336389
2023-01-01,2026-09-01,44,37,17,0.4594594594594595,7233.611045754408
2023-01-01,2026-10-01,45,37,16,0.43243243243243246,6848.953140733114
2023-01-01,2026-11-01,46,37,16,0.43243243243243246,6890.046859577514
2023-01-01,2026-12-01,47,37,16,0.43243243243243246,6931.387140734979
2023-02-01,2023-02-01,0,45,45,1.0,13593.376752925364
2023-02-01,2023-03-01,1,45,44,0.9777777777777777,13371.049524255295
2023-02-01,2023-04-01,2,45,43,0.9555555555555556,13145.56500727808
2023-02-01,2023-05-01,3,45,42,0.9333333333333333,12916.893318314269
2023-02-01,2023-06-01,4,45,41,0.9111111111111111,12685.004328742625
2023-02-01,2023-07-01,5,45,40,0.8888888888888888,12449.867663136665
2023-02-01,2023-08-01,6,45,39,0.8666666666666667,12211.452697387598
2023-02-01,2023-09-01,7,45,39,0.8666666666666667,12284.721413571924
2023-02-01,2023-10-01,8,45,38,0.8444444444444444,12041.546928154552
2023-02-01,2023-11-01,9,45,37,0.8222222222222222,11795.012098941283
2023-02-01,2023-12-01,10,45,36,0.8,11545.08535608804
2023-02-01,2024-01-01,11,45,35,0.7777777777777778,11291.734871884997
2023-02-01,2024-02-01,12,45,35,0.7777777777777778,11359.485281116307
2023-02-01,2024-03-01,13,45,34,0.7555555555555555,11101.138130151492
2023-02-01,2024-04-01,14,45,33,0.7333333333333333,10839.281871904977
2023-02-01,2024-05-01,15,45,32,0.7111111111111111,10573.883697586816
2023-02-01,2024-06-01,16,45,32,0.7111111111111111,10637.326999772338
2023-02-01,2024-07-01,17,45,31,0.6888888888888889,10366.73999421563
2023-02-01,2024-08-01,18,45,30,0.6666666666666666,10092.523000820249
2023-02-01,2024-09-01,19,45,30,0.6666666666666666,10153.078138825169
2023-02-01,2024-10-01,20,45,29,0.6444444444444445,9873.530054069517
2023-02-01,2024-11-01,21,45,28,0.6222222222222222,9590.261881483797
2023-02-01,2024-12-01,22,45,28,0.6222222222222222,9647.8034527727
2023-02-01,2025-01-01,23,45,27,0.6,9359.058478007577
2023-02-01,2025-02-01,24,45,26,0.5777777777777777,9066.501242620969
2023-02-01,2025-03-01,25,45,26,0.5777777777777777,9120.900250076695
2023-02-01,2025-04-01,26,45,25,0.5555555555555556,8822.716972670341
2023-02-01,2025-05-01,27,45,25,0.5555555555555556,8875.653274506363
2023-02-01,2025-06-01,28,45,24,0.5333333333333333,8571.750906387266
2023-02-01,2025-07-01,29,45,24,0.5333333333333333,8623.18141182559
2023-02-01,2025-08-01,30,45,23,0.5111111111111111,8313.465479450853
2023-02-01,2025-09-01,31,45,23,0.5111111111111111,8363.346272327557
2023-02-01,2025-10-01,32,45,22,0.4888888888888889,8047.720856484935
2023-02-01,2025-11-01,33,45,22,0.4888888888888889,8096.007181623846
2023-02-01,2025-12-01,34,45,21,0.4666666666666667,7774.374896317516
2023-02-01,2026-01-01,35,45,21,0.4666666666666667,7821.021145695421
2023-02-01,2026-02-01,36,45,20,0.4444444444444444,7493.283116732947
2023-02-01,2026-03-01,37,45,20,0.4444444444444444,7538.242815433345
2023-02-01,2026-04-01,38,45,19,0.4222222222222222,7204.2986587096475
2023-02-01,2026-05-01,39,45,19,0.4222222222222222,7247.524450661906
2023-02-01,2026-06-01,40,45,19,0.4222222222222222,7291.009597365877
2023-02-01,2026-07-01,41,45,18,0.4,6948.715883636911
2023-02-01,2026-08-01,42,45,18,0.4,6990.408178938732
2023-02-01,2026-09-01,43,45,17,0.37777777777777777,6641.664482011677
2023-02-01,2026-10-01,44,45,17,0.37777777777777777,6681.514468903748
2023-02-01,2026-11-01,45,45,17,0.37777777777777777,6721.60355571717
2023-02-01,2026-12-01,46,45,16,0.35555555555555557,6364.172401930798
2023-03-01,2023-03-01,0,40,40,1.0,15966.350469476558
2023-03-01,2023-04-01,1,40,39,0.975,15660.594857986083
2023-03-01,2023-05-01,2,40,38,0.95,15350.595390540817
2023-03-01,2023-06-01,3,40,37,0.925,15036.312148071327
2023-03-01,2023-07-01,4,40,36,0.9,14717.70488525814
2023-03-01,2023-08-01,5,40,35,0.875,14394.733028053863
2023-03-01,2023-09-01,6,40,34,0.85,14067.355671187266
2023-03-01,2023-10-01,7,40,33,0.825,13735.53157564926
2023-03-01,2023-11-01,8,40,32,0.8,13399.219166160636
2023-03-01,2023-12-01,9,40,32,0.8,13479.6144811576
2023-03-01,2024-01-01,10,40,31,0.775,13136.726787793155
2023-03-01,2024-02-01,11,40,30,0.75,12789.239175987013
2023-03-01,2024-03-01,12,40,29,0.725,12437.108790674838
2023-03-01,2024-04-01,13,40,28,0.7,12080.292428128581
2023-03-01,2024-05-01,14,40,28,0.7,12152.774182697352
2023-03-01,2024-06-01,15,40,27,0.675,11789.059012515194
2023-03-01,2024-07-01,16,40,26,0.65,11420.541760420278
2023-03-01,2024-08-01,17,40,26,0.65,11489.065010982798
2023-03-01,2024-09-01,18,40,25,0.625,11113.46096254682
2023-03-01,2024-10-01,19,40,24,0.6,10732.936059189218
2023-03-01,2024-11-01,20,40,24,0.6,10797.333675544356
2023-03-01,2024-12-01,21,40,23,0.575,10409.52944103105
2023-03-01,2025-01-01,22,40,23,0.575,10471.986617677238
2023-03-01,2025-02-01,23,40,22,0.55,10076.78294880142
2023-03-01,2025-03-01,24,40,21,0.525,9676.459844380855
2023-03-01,2025-04-01,25,40,21,0.525,9734.51860344714
2023-03-01,2025-05-01,26,40,20,0.5,9326.595919112211
2023-03-01,2025-06-01,27,40,20,0.5,9382.555494626884
2023-03-01,2025-07-01,28,40,19,0.475,8966.908286214913
2023-03-01,2025-08-01,29,40,19,0.475,9020.709735932203
2023-03-01,2025-09-01,30,40,18,0.45,8597.211152540018
2023-03-01,2025-10-01,31,40,18,0.45,8648.794419455258
2023-03-01,2025-11-01,32,40,17,0.425,8217.315675640213
2023-03-01,2025-12-01,33,40,17,0.425,8266.619569694056
2023-03-01,2026-01-01,34,40,16,0.4,7827.029917282088
2023-03-01,2026-02-01,35,40,16,0.4,7873.992096785781
2023-03-01,2026-03-01,36,40,16,0.4,7921.236049366495
2023-03-01,2026-04-01,37,40,15,0.375,7470.715749058775
2023-03-01,2026-05-01,38,40,15,0.375,7515.540043553127
2023-03-01,2026-06-01,39,40,14,0.35,7056.591064893484
2023-03-01,2026-07-01,40,40,14,0.35,7098.930611282845
2023-03-01,2026-08-01,41,40,14,0.35,7141.524194950542
2023-03-01,2026-09-01,42,40,13,0.325,6671.203815825943
2023-03-01,2026-10-01,43,40,13,0.325,6711.231038720898
2023-03-01,2026-11-01,44,40,13,0.325,6751.4984249532245
2023-03-01,2026-12-01,45,40,12,0.3,6269.545306618101
2023-04-01,2023-04-01,0,38,38,1.0,15066.841366157081
2023-04-01,2023-05-01,1,38,37,0.9736842105263158,14758.367613976287
2023-04-01,2023-06-01,2,38,36,0.9473684210526315,14445.64977048014
2023-04-01,2023-07-01,3,38,35,0.9210526315789473,14128.648011627938
2023-04-01,2023-08-01,4,38,35,0.9210526315789473,14213.419899697705
2023-04-01,2023-09-01,5,38,34,0.8947368421052632,13890.166121407436
2023-04-01,2023-10-01,6,38,33,0.868421052631579,13562.521614661298
2023-04-01,2023-11-01,7,38,32,0.8421052631578947,13230.445327853833
2023-04-01,2023-12-01,8,38,31,0.8157894736842105,12893.89587482655
2023-04-01,2024-01-01,9,38,31,0.8157894736842105,12971.259250075509
2023-04-01,2024-02-01,10,38,30,0.7894736842105263,12628.148521525127
2023-04-01,2024-03-01,11,38,29,0.7631578947368421,12280.453498899135
2023-04-01,2024-04-01,12,38,29,0.7631578947368421,12354.13621989253
2023-04-01,2024-05-01,13,38,28,0.7368421052631579,11999.700311790786
2023-04-01,2024-06-01,14,38,27,0.7105263157894737,11640.566423887905
2023-04-01,2024-07-01,15,38,27,0.7105263157894737,11710.409822431231
2023-04-01,2024-08-01,16,38,26,0.6842105263157895,11344.351085759678
2023-04-01,2024-09-01,17,38,25,0.6578947368421053,10973.478069494457
2023-04-01,2024-10-01,18,38,25,0.6578947368421053,11039.318937911423
2023-04-01,2024-11-01,19,38,24,0.631578947368421,10661.332657477336
2023-04-01,2024-12-01,20,38,24,0.631578947368421,10725.3006534222
2023-04-01,2025-01-01,21,38,23,0.6052631578947368,10340.083604953454
2023-04-01,2025-02-01,22,38,23,0.6052631578947368,10402.124106583175
2023-04-01,2025-03-01,23,38,22,0.5789473684210527,10009.556988126036
2023-04-01,2025-04-01,24,38,21,0.5526315789473685,9611.904587779572
2023-04-01,2025-05-01,25,38,21,0.5526315789473685,9669.57601530625
2023-04-01,2025-06-01,26,38,20,0.5263157894736842,9264.374734664847
2023-04-01,2025-07-01,27,38,20,0.5263157894736842,9319.960983072835
2023-04-01,2025-08-01,28,38,20,0.5263157894736842,9375.880748971274
2023-04-01,2025-09-01,29,38,19,0.5,8960.529231791845
2023-04-01,2025-10-01,30,38,19,0.5,9014.292407182596
2023-04-01,2025-11-01,31,38,18,0.47368421052631576,8591.095100487497
2023-04-01,2025-12-01,32,38,18,0.47368421052631576,8642.641671090423
2023-04-01,2026-01-01,33,38,17,0.4473684210526316,8211.469881054913
2023-04-01,2026-02-01,34,38,17,0.4473684210526316,8260.73870034124
2023-04-01,2026-03-01,35,38,17,0.4473684210526316,8310.303132543288
2023-04-01,2026-04-01,36,38,16,0.42105263157894735,7868.39054243628
2023-04-01,2026-05-01,37,38,16,0.42105263157894735,7915.600885690898
2023-04-01,2026-06-01,38,38,15,0.39473684210526316,7465.4010853172285
2023-04-01,2026-07-01,39,38,15,0.39473684210526316,7510.193491829134
2023-04-01,2026-08-01,40,38,15,0.39473684210526316,7555.254652780108
2023-04-01,2026-09-01,41,38,14,0.3684210526315789,7093.880435317002
2023-04-01,2026-10-01,42,38,14,0.3684210526315789,7136.443717928903
2023-04-01,2026-11-01,43,38,14,0.3684210526315789,7179.262380236477
2023-04-01,2026-12-01,44,38,13,0.34210526315789475,6706.4566720523335
2023-05-01,2023-05-01,0,32,32,1.0,10893.031138792137
2023-05-01,2023-06-01,1,32,31,0.96875,10615.939659199114
2023-05-01,2023-07-01,2,32,31,0.96875,10679.635297154307
2023-05-01,2023-08-01,3,32,30,0.9375,10397.141718326355
2023-05-01,2023-09-01,4,32,29,0.90625,10110.87374968177
2023-05-01,2023-10-01,5,32,29,0.90625,10171.53899217986
2023-05-01,2023-11-01,6,32,28,0.875,9879.721045921458
2023-05-01,2023-12-01,7,32,28,0.875,9938.999372196988
2023-05-01,2024-01-01,8,32,27,0.84375,9641.539319557663
2023-05-01,2024-02-01,9,32,26,0.8125,9340.151942309267
2023-05-01,2024-03-01,10,32,26,0.8125,9396.192853963124
2023-05-01,2024-04-01,11,32,25,0.78125,9089.0096260451
2023-05-01,2024-05-01,12,32,25,0.78125,9143.54368380137
2023-05-01,2024-06-01,13,32,24,0.75,8830.468748068011
2023-05-01,2024-07-01,14,32,24,0.75,8883.45156055642
2023-05-01,2024-08-01,15,32,23,0.71875,8564.387592006433
2023-05-01,2024-09-01,16,32,23,0.71875,8615.773917558474
2023-05-01,2024-10-01,17,32,22,0.6875,8290.622101887135
2023-05-01,2024-11-01,18,32,22,0.6875,8340.365834498458
2023-05-01,2024-12-01,19,32,21,0.65625,8009.0258463461105
2023-05-01,2025-01-01,20,32,21,0.65625,8057.080001424188
2023-05-01,2025-02-01,21,32,20,0.625,7719.449982316888
2023-05-01,2025-03-01,22,32,20,0.625,7765.7666822107885
2023-05-01,2025-04-01,23,32,20,0.625,7812.361282304055
2023-05-01,2025-05-01,24,32,19,0.59375,7466.273677497985
2023-05-01,2025-06-01,25,32,19,0.59375,7511.071319562972
2023-05-01,2025-07-01,26,32,18,0.5625,7158.446287086648
2023-05-01,2025-08-01,27,32,18,0.5625,7201.396964809167
2023-05-01,2025-09-01,28,32,18,0.5625,7244.605346598023
2023-05-01,2025-10-01,29,32,17,0.53125,6883.180035417744
2023-05-01,2025-11-01,30,32,17,0.53125,6924.47911563025
2023-05-01,2025-12-01,31,32,17,0.53125,6966.025990324031
2023-05-01,2026-01-01,32,32,16,0.5,6595.597314132683
2023-05-01,2026-02-01,33,32,16,0.5,6635.17089801748
2023-05-01,2026-03-01,34,32,16,0.5,6674.981923405584
2023-05-01,2026-04-01,35,32,15,0.46875,6295.342326511892
2023-05-01,2026-05-01,36,32,15,0.46875,6333.114380470963
2023-05-01,2026-06-01,37,32,15,0.46875,6371.113066753788
2023-05-01,2026-07-01,38,32,14,0.4375,5982.05042881069
2023-05-01,2026-08-01,39,32,14,0.4375,6017.942731383555
2023-05-01,2026-09-01,40,32,14,0.4375,6054.050387771857
2023-05-01,2026-10-01,41,32,13,0.40625,5655.347926520024
2023-05-01,2026-11-01,42,32,13,0.40625,5689.280014079144
2023-05-01,2026-12-01,43,32,13,0.40625,5723.415694163618
2023-06-01,2023-06-01,0,47,47,1.0,14639.664984650983
2023-06-01,2023-07-01,1,47,46,0.9787234042553191,14414.151847440615
2023-06-01,2023-08-01,2,47,46,0.9787234042553191,14500.636758525257
2023-06-01,2023-09-01,3,47,45,0.9574468085106383,14270.51795779214
2023-06-01,2023-10-01,4,47,44,0.9361702127659575,14037.115708526917
2023-06-01,2023-11-01,5,47,44,0.9361702127659575,14121.338402778078
2023-06-01,2023-12-01,6,47,43,0.9148936170212766,13883.201286985775
2023-06-01,2024-01-01,7,47,42,0.8936170212765957,13641.698157621464
2023-06-01,2024-02-01,8,47,42,0.8936170212765957,13723.548346567193
2023-06-01,2024-03-01,9,47,41,0.8723404255319149,13477.1779786312
2023-06-01,2024-04-01,10,47,40,0.851063829787234,13227.357118539501
2023-06-01,2024-05-01,11,47,40,0.851063829787234,13306.721261250737
2023-06-01,2024-06-01,12,47,39,0.8297872340425532,13051.897549097788
2023-06-01,2024-07-01,13,47,39,0.8297872340425532,13130.208934392374
2023-06-01,2024-08-01,14,47,38,0.8085106382978723,12870.298131896197
2023-06-01,2024-09-01,15,47,37,0.7872340425531915,12606.795712248428
2023-06-01,2024-10-01,16,47,37,0.7872340425531915,12682.43648652192
2023-06-01,2024-11-01,17,47,36,0.7659574468085106,12413.70594042913
2023-06-01,2024-12-01,18,47,36,0.7659574468085106,12488.188176071704
2023-06-01,2025-01-01,19,47,35,0.7446808510638298,12214.141824430131
2023-06-01,2025-02-01,20,47,35,0.7446808510638298,12287.426675376713
2023-06-01,2025-03-01,21,47,34,0.723404255319149,12007.975485845287
2023-06-01,2025-04-01,22,47,34,0.723404255319149,12080.023338760358
2023-06-01,2025-05-01,23,47,33,0.7021276595744681,11795.076905887248
2023-06-01,2025-06-01,24,47,33,0.7021276595744681,11865.84736732257
2023-06-01,2025-07-01,25,47,32,0.6808510638297872,11575.313892389338
2023-06-01,2025-08-01,26,47,32,0.6808510638297872,11644.765775743675
2023-06-01,2025-09-01,27,47,31,0.6595744680851063,11348.552046323195
2023-06-01,2025-10-01,28,47,31,0.6595744680851063,11416.643358601135
2023-06-01,2025-11-01,29,47,30,0.6382978723404256,11114.654727825233
2023-06-01,2025-12-01,30,47,30,0.6382978723404256,11181.342656192184
2023-06-01,2026-01-01,31,47,29,0.6170212765957447,10873.483021725026
2023-06-01,2026-02-01,32,47,29,0.6170212765957447,10938.723919855376
2023-06-01,2026-03-01,33,47,28,0.5957446808510638,10624.895702568492
2023-06-01,2026-04-01,34,47,28,0.5957446808510638,10688.645076783901
2023-06-01,2026-05-01,35,47,28,0.5957446808510638,10752.776947244605
2023-06-01,2026-06-01,36,47,27,0.574468085106383,10430.961694323498
2023-06-01,2026-07-01,37,47,27,0.574468085106383,10493.54746448944
2023-06-01,2026-08-01,38,47,26,0.5531914893617021,10165.526943747622
2023-06-01,2026-09-01,39,47,26,0.5531914893617021,10226.520105410109
2023-06-01,2026-10-01,40,47,26,0.5531914893617021,10287.87922604257
2023-06-01,2026-11-01,41,47,25,0.5319148936170213,9951.544712883486
2023-06-01,2026-12-01,42,47,25,0.5319148936170213,10011.253981160786
2023-07-01,2023-07-01,0,40,40,1.0,11389.577057325816
2023-07-01,2023-08-01,1,40,39,0.975,11171.466656678027
2023-07-01,2023-09-01,2,40,38,0.95,10950.3289064484
2023-07-01,2023-10-01,3,40,37,0.925,10726.13533041638
2023-07-01,2023-11-01,4,40,36,0.9,10498.85721963134
2023-07-01,2023-12-01,5,40,36,0.9,10561.850362949128
2023-07-01,2024-01-01,6,40,35,0.875,10330.076424428853
2023-07-01,2024-02-01,7,40,34,0.85,10095.140972033272
2023-07-01,2024-03-01,8,40,33,0.825,9857.014411457663
2023-07-01,2024-04-01,9,40,32,0.8,9615.666907080154
2023-07-01,2024-05-01,10,40,32,0.8,9673.360908522638
2023-07-01,2024-06-01,11,40,31,0.775,9427.294790412092
2023-07-01,2024-07-01,12,40,30,0.75,9177.927637891516
2023-07-01,2024-08-01,13,40,29,0.725,8925.228696928236
2023-07-01,2024-09-01,14,40,29,0.725,8978.780069109805
2023-07-01,2024-10-01,15,40,28,0.7,8721.181965058102
2023-07-01,2024-11-01,16,40,27,0.675,8460.169447675293
2023-07-01,2024-12-01,17,40,27,0.675,8510.930464361343
2023-07-01,2025-01-01,18,40,26,0.65,8244.885082438344
2023-07-01,2025-02-01,19,40,25,0.625,7975.340762435553
2023-07-01,2025-03-01,20,40,25,0.625,8023.192807010167
2023-07-01,2025-04-01,21,40,24,0.6,7748.478685298138
2023-07-01,2025-05-01,22,40,24,0.6,7794.969557409927
2023-07-01,2025-06-01,23,40,23,0.575,7515.00023413962
2023-07-01,2025-07-01,24,40,23,0.575,7560.090235544459
2023-07-01,2025-08-01,25,40,22,0.55,7274.77900404652
2023-07-01,2025-09-01,26,40,22,0.55,7318.4276780708
2023-07-01,2025-10-01,27,40,21,0.525,7027.6865057692585
2023-07-01,2025-11-01,28,40,21,0.525,7069.852624803875
2023-07-01,2025-12-01,29,40,20,0.5,6773.592133859712
2023-07-01,2026-01-01,30,40,20,0.5,6814.233686662869
2023-07-01,2026-02-01,31,40,19,0.475,6512.363134343705
2023-07-01,2026-03-01,32,40,19,0.475,6551.437313149768
2023-07-01,2026-04-01,33,40,18,0.45,6243.864571921895
2023-07-01,2026-05-01,34,40,18,0.45,6281.327759353426
2023-07-01,2026-06-01,35,40,17,0.425,5967.959296692349
2023-07-01,2026-07-01,36,40,17,0.425,6003.767052472503
2023-07-01,2026-08-01,37,40,17,0.425,6039.789654787338
2023-07-01,2026-09-01,38,40,16,0.4,5718.614957850411
2023-07-01,2026-10-01,39,40,16,0.4,5752.926647597515
2023-07-01,2026-11-01,40,40,15,0.375,5425.7289445154065
2023-07-01,2026-12-01,41,40,15,0.375,5458.283318182499
2023-08-01,2023-08-01,0,29,29,1.0,10005.382137533468
2023-08-01,2023-09-01,1,29,28,0.9655172413793104,9718.331174139405
2023-08-01,2023-10-01,2,29,28,0.9655172413793104,9776.64116118424
2023-08-01,2023-11-01,3,29,27,0.9310344827586207,9484.040257860228
2023-08-01,2023-12-01,4,29,27,0.9310344827586207,9540.944499407387
2023-08-01,2024-01-01,5,29,26,0.896551724137931,9242.70164172221
2023-08-01,2024-02-01,6,29,26,0.896551724137931,9298.157851572543
2023-08-01,2024-03-01,7,29,25,0.8620689655172413,8994.179614117287
2023-08-01,2024-04-01,8,29,25,0.8620689655172413,9048.14469180199
2023-08-01,2024-05-01,9,29,25,0.8620689655172413,9102.433559952802
2023-08-01,2024-06-01,10,29,24,0.8275862068965517,8790.766234860019
2023-08-01,2024-07-01,11,29,24,0.8275862068965517,8843.510832269178
2023-08-01,2024-08-01,12,29,23,0.7931034482758621,8525.881401543511
2023-08-01,2024-09-01,13,29,23,0.7931034482758621,8577.036689952773
2023-08-01,2024-10-01,14,29,22,0.7586206896551724,8253.346783566729
2023-08-01,2024-11-01,15,29,22,0.7586206896551724,8302.866864268128
2023-08-01,2024-12-01,16,29,22,0.7586206896551724,8352.684065453737
2023-08-01,2025-01-01,17,29,21,0.7241379310344828,8020.854707580711
2023-08-01,2025-02-01,18,29,21,0.7241379310344828,8068.979835826196
2023-08-01,2025-03-01,19,29,20,0.6896551724137931,7730.8511569915745
2023-08-01,2025-04-01,20,29,20,0.6896551724137931,7777.236263933524
2023-08-01,2025-05-01,21,29,20,0.6896551724137931,7823.899681517125
2023-08-01,2025-06-01,22,29,19,0.6551724137931034,7477.300925625916
2023-08-01,2025-07-01,23,29,19,0.6551724137931034,7522.164731179672
2023-08-01,2025-08-01,24,29,19,0.6551724137931034,7567.29771956675
2023-08-01,2025-09-01,25,29,18,0.6206896551724138,7212.033005574458
2023-08-01,2025-10-01,26,29,18,0.6206896551724138,7255.305203607905
2023-08-01,2025-11-01,27,29,18,0.6206896551724138,7298.837034829552
2023-08-01,2025-12-01,28,29,17,0.5862068965517241,6934.706164980835
2023-08-01,2026-01-01,29,29,17,0.5862068965517241,6976.31440197072
2023-08-01,2026-02-01,30,29,17,0.5862068965517241,7018.172288382543
2023-08-01,2026-03-01,31,29,16,0.5517241379310345,6644.970656106201
2023-08-01,2026-04-01,32,29,16,0.5517241379310345,6684.840480042839
2023-08-01,2026-05-01,33,29,16,0.5517241379310345,6724.949522923096
2023-08-01,2026-06-01,34,29,15,0.5172413793103449,6342.468018806844
2023-08-01,2026-07-01,35,29,15,0.5172413793103449,6380.522826919686
2023-08-01,2026-08-01,36,29,15,0.5172413793103449,6418.805963881203
2023-08-01,2026-09-01,37,29,15,0.5172413793103449,6457.318799664491
2023-08-01,2026-10-01,38,29,14,0.4827586206896552,6062.991864964979
2023-08-01,2026-11-01,39,29,14,0.4827586206896552,6099.36981615477
2023-08-01,2026-12-01,40,29,14,0.4827586206896552,6135.966035051699
2023-09-01,2023-09-01,0,53,53,1.0,21801.833396149927
2023-09-01,2023-10-01,1,53,52,0.9811320754716981,21518.820917347075
2023-09-01,2023-11-01,2,53,50,0.9433962264150944,20815.321002741497
2023-09-01,2023-12-01,3,53,49,0.9245283018867925,20521.40867018279
2023-09-01,2024-01-01,4,53,48,0.9056603773584906,20223.220038077274
2023-09-01,2024-02-01,5,53,47,0.8867924528301887,19920.714371674367
2023-09-01,2024-03-01,6,53,46,0.8679245283018868,19613.850601353257
2023-09-01,2024-04-01,7,53,45,0.8490566037735849,19302.587320070914
2023-09-01,2024-05-01,8,53,44,0.8301886792452831,18986.882780791526
2023-09-01,2024-06-01,9,53,42,0.7924528301886793,18232.585710318268
2023-09-01,2024-07-01,10,53,41,0.7735849056603774,17905.2673858997
2023-09-01,2024-08-01,11,53,40,0.7547169811320755,17573.36486850253
2023-09-01,2024-09-01,12,53,39,0.7358490566037735,17236.83493127071
2023-09-01,2024-10-01,13,53,38,0.7169811320754716,16895.633993656837
2023-09-01,2024-11-01,14,53,38,0.7169811320754716,16997.00779761878
2023-09-01,2024-12-01,15,53,37,0.6981132075471698,16649.016427446477
2023-09-01,2025-01-01,16,53,36,0.6792452830188679,16296.237268551395
2023-09-01,2025-02-01,17,53,35,0.660377358490566,15938.625395158184
2023-09-01,2025-03-01,18,53,34,0.6415094339622641,15576.135514742586
2023-09-01,2025-04-01,19,53,33,0.6226415094339622,15208.721965247776
2023-09-01,2025-05-01,20,53,32,0.6037735849056604,14836.338712280498
2023-09-01,2025-06-01,21,53,32,0.6037735849056604,14925.35674455418
2023-09-01,2025-07-01,22,53,31,0.5849056603773585,14545.692982364582
2023-09-01,2025-08-01,23,53,30,0.5660377358490566,14160.935942185908
2023-09-01,2025-09-01,24,53,29,0.5471698113207547,13771.038172577722
2023-09-01,2025-10-01,25,53,29,0.5471698113207547,13853.664401613187
2023-09-01,2025-11-01,26,53,28,0.5283018867924528,13456.207547056563
2023-09-01,2025-12-01,27,53,27,0.5094339622641509,13053.482478326796
2023-09-01,2026-01-01,28,53,27,0.5094339622641509,13131.803373196759
2023-09-01,2026-02-01,29,53,26,0.49056603773584906,12721.312927012388
2023-09-01,2026-03-01,30,53,25,0.4716981132075472,12305.423850552364
2023-09-01,2026-04-01,31,53,25,0.4716981132075472,12379.25639365568
2023-09-01,2026-05-01,32,53,24,0.4528301886792453,11955.390654736912
2023-09-01,2026-06-01,33,53,24,0.4528301886792453,12027.122998665334
2023-09-01,2026-07-01,34,53,23,0.4339622641509434,11595.148830963268
2023-09-01,2026-08-01,35,53,22,0.41509433962264153,11157.557996820828
2023-09-01,2026-09-01,36,53,22,0.41509433962264153,11224.503344801751
2023-09-01,2026-10-01,37,53,21,0.39622641509433965,10778.58443919463
2023-09-01,2026-11-01,38,53,21,0.39622641509433965,10843.255945829796
2023-09-01,2026-12-01,39,53,20,0.37735849056603776,10388.871887147405
2023-10-01,2023-10-01,0,29,29,1.0,12080.557393869185
2023-10-01,2023-11-01,1,29,28,0.9655172413793104,11733.970367948525
2023-10-01,2023-12-01,2,29,28,0.9655172413793104,11804.374190156215
2023-10-01,2024-01-01,3,29,27,0.9310344827586207,11451.08613403654
2023-10-01,2024-02-01,4,29,26,0.896551724137931,11093.133663772584
2023-10-01,2024-03-01,5,29,25,0.8620689655172413,10730.473524764635
2023-10-01,2024-04-01,6,29,25,0.8620689655172413,10794.856365913221
2023-10-01,2024-05-01,7,29,24,0.8275862068965517,10425.240483944352
2023-10-01,2024-06-01,8,29,24,0.8275862068965517,10487.791926848018
2023-10-01,2024-07-01,9,29,23,0.7931034482758621,10111.10540014206
2023-10-01,2024-08-01,10,29,22,0.7586206896551724,9729.521074606266
2023-10-01,2024-09-01,11,29,22,0.7586206896551724,9787.898201053904
2023-10-01,2024-10-01,12,29,21,0.7241379310344828,9399.051699793852
2023-10-01,2024-11-01,13,29,21,0.7241379310344828,9455.446009992616
2023-10-01,2024-12-01,14,29,20,0.6896551724137931,9059.217796240546
2023-10-01,2025-01-01,15,29,20,0.6896551724137931,9113.573103017987
2023-10-01,2025-02-01,16,29,19,0.6551724137931034,8709.841814554291
2023-10-01,2025-03-01,17,29,19,0.6551724137931034,8762.100865441616
2023-10-01,2025-04-01,18,29,18,0.6206896551724138,8350.743287969304
2023-10-01,2025-05-01,19,29,18,0.6206896551724138,8400.84774769712
2023-10-01,2025-06-01,20,29,17,0.5862068965517241,7981.738787839788
2023-10-01,2025-07-01,21,29,17,0.5862068965517241,8029.629220566825
2023-10-01,2025-08-01,22,29,16,0.5517241379310345,7602.641878484918
2023-10-01,2025-09-01,23,29,16,0.5517241379310345,7648.257729755828
2023-10-01,2025-10-01,24,29,16,0.5517241379310345,7694.147276134364
2023-10-01,2025-11-01,25,29,15,0.5172413793103449,7256.542649804221
2023-10-01,2025-12-01,26,29,15,0.5172413793103449,7300.081905703047
2023-10-01,2026-01-01,27,29,14,0.4827586206896552,6854.290237328114
2023-10-01,2026-02-01,28,29,14,0.4827586206896552,6895.415978752084
2023-10-01,2026-03-01,29,29,14,0.4827586206896552,6936.788474624596
2023-10-01,2026-04-01,30,29,13,0.4482758620689655,6479.951405081461
2023-10-01,2026-05-01,31,29,13,0.4482758620689655,6518.83111351195
2023-10-01,2026-06-01,32,29,13,0.4482758620689655,6557.944100193022
2023-10-01,2026-07-01,33,29,12,0.41379310344827586,6089.8077828869355
2023-10-01,2026-08-01,34,29,12,0.41379310344827586,6126.346629584256
2023-10-01,2026-09-01,35,29,12,0.41379310344827586,6163.104709361763
2023-10-01,2026-10-01,36,29,11,0.3793103448275862,5683.409726149772
2023-10-01,2026-11-01,37,29,11,0.3793103448275862,5717.510184506671
2023-10-01,2026-12-01,38,29,11,0.3793103448275862,5751.815245613711
2023-11-01,2023-11-01,0,44,44,1.0,14234.138251227563
2023-11-01,2023-12-01,1,44,43,0.9772727272727273,13994.098919809136
2023-11-01,2024-01-01,2,44,42,0.9545454545454546,13750.666687436642
2023-11-01,2024-02-01,3,44,41,0.9318181818181818,13503.809480714566
2023-11-01,2024-03-01,4,44,40,0.9090909090909091,13253.494963511075
2023-11-01,2024-04-01,5,44,39,0.8863636363636364,12999.690534959838
2023-11-01,2024-05-01,6,44,39,0.8863636363636364,13077.688678169598
2023-11-01,2024-06-01,7,44,38,0.8636363636363636,12818.817507411984
2023-11-01,2024-07-01,8,44,37,0.8409090909090909,12556.369085812863
2023-11-01,2024-08-01,9,44,36,0.8181818181818182,12290.30980572429
2023-11-01,2024-09-01,10,44,35,0.7954545454545454,12020.605784987563
2023-11-01,2024-10-01,11,44,35,0.7954545454545454,12092.729419697489
2023-11-01,2024-11-01,12,44,34,0.7727272727272727,11817.706202038084
2023-11-01,2024-12-01,13,44,33,0.75,11538.947367507657
2023-11-01,2025-01-01,14,44,32,0.7272727272727273,11256.41798953959
2023-11-01,2025-02-01,15,44,32,0.7272727272727273,11323.956497476825
2023-11-01,2025-03-01,16,44,31,0.7045454545454546,11035.90335407226
2023-11-01,2025-04-01,17,44,30,0.6818181818181818,10743.985910512927
2023-11-01,2025-05-01,18,44,30,0.6818181818181818,10808.449825976006
2023-11-01,2025-06-01,19,44,29,0.6590909090909091,10510.8571741008
2023-11-01,2025-07-01,20,44,28,0.6363636363636364,10209.304306209357
2023-11-01,2025-08-01,21,44,28,0.6363636363636364,10270.560132046612
2023-11-01,2025-09-01,22,44,27,0.6136363636363636,9963.176939523219
2023-11-01,2025-10-01,23,44,27,0.6136363636363636,10022.956001160359
2023-11-01,2025-11-01,24,44,26,0.5909090909090909,9709.645820975938
2023-11-01,2025-12-01,25,44,25,0.5681818181818182,9392.215092213262
2023-11-01,2026-01-01,26,44,25,0.5681818181818182,9448.568382766543
2023-11-01,2026-02-01,27,44,24,0.5454545454545454,9125.049401340615
2023-11-01,2026-03-01,28,44,24,0.5454545454545454,9179.79969774866
2023-11-01,2026-04-01,29,44,23,0.5227272727272727,8850.091891937853
2023-11-01,2026-05-01,30,44,23,0.5227272727272727,8903.19244328948
2023-11-01,2026-06-01,31,44,22,0.5,8567.193702386206
2023-11-01,2026-07-01,32,44,22,0.5,8618.596864600526
2023-11-01,2026-08-01,33,44,21,0.4772727272727273,8276.203516434123
2023-11-01,2026-09-01,34,44,21,0.4772727272727273,8325.860737532728
2023-11-01,2026-10-01,35,44,20,0.45454545454545453,7976.967525674213
2023-11-01,2026-11-01,36,44,20,0.45454545454545453,8024.829330828258
2023-11-01,2026-12-01,37,44,20,0.45454545454545453,8072.978306813228
2023-12-01,2023-12-01,0,44,44,1.0,14542.1791054311
2023-12-01,2024-01-01,1,44,43,0.9772727272727273,14296.945085062238
2023-12-01,2024-02-01,2,44,42,0.9545454545454546,14048.244738001154
2023-12-01,2024-03-01,3,44,42,0.9545454545454546,14132.534206429164
2023-12-01,2024-04-01,4,44,41,0.9318181818181818,13878.82156853279
2023-12-01,2024-05-01,5,44,40,0.9090909090909091,13621.555607750232
2023-12-01,2024-06-01,6,44,40,0.9090909090909091,13703.284941396734
2023-12-01,2024-07-01,7,44,39,0.8863636363636364,13440.867034768986
2023-12-01,2024-08-01,8,44,38,0.8636363636363636,13174.806795003815
2023-12-01,2024-09-01,9,44,37,0.8409090909090909,12905.069961148212
2023-12-01,2024-10-01,10,44,37,0.8409090909090909,12982.500380915102
2023-12-01,2024-11-01,11,44,36,0.8181818181818182,12707.411724195168
2023-12-01,2024-12-01,12,44,36,0.8181818181818182,12783.656194540341
2023-12-01,2025-01-01,13,44,35,0.7954545454545454,12503.125961382373
2023-12-01,2025-02-01,14,44,34,0.7727272727272727,12218.769153803505
2023-12-01,2025-03-01,15,44,34,0.7727272727272727,12292.081768726324
2023-12-01,2025-04-01,16,44,33,0.75,12002.133251711077
2023-12-01,2025-05-01,17,44,32,0.7272727272727273,11708.262837547967
2023-12-01,2025-06-01,18,44,32,0.7272727272727273,11778.512414573255
2023-12-01,2025-07-01,19,44,31,0.7045454545454546,11478.89650502755
2023-12-01,2025-08-01,20,44,31,0.7045454545454546,11547.769884057716
2023-12-01,2025-09-01,21,44,30,0.6818181818181818,11242.31274518909
2023-12-01,2025-10-01,22,44,30,0.6818181818181818,11309.766621660225
2023-12-01,2025-11-01,23,44,29,0.6590909090909091,10998.37104734385
2023-12-01,2025-12-01,24,44,29,0.6590909090909091,11064.361273627912
2023-12-01,2026-01-01,25,44,28,0.6363636363636364,10746.928563984518
2023-12-01,2026-02-01,26,44,28,0.6363636363636364,10811.410135368425
2023-12-01,2026-03-01,27,44,27,0.6136363636363636,10487.840074888467
2023-12-01,2026-04-01,28,44,27,0.6136363636363636,10550.7671153378
2023-12-01,2026-05-01,29,44,26,0.5909090909090909,10220.957950695389
2023-12-01,2026-06-01,30,44,26,0.5909090909090909,10282.28369839956
2023-12-01,2026-07-01,31,44,25,0.5681818181818182,9946.132115951883
2023-12-01,2026-08-01,32,44,25,0.5681818181818182,10005.808908647594
2023-12-01,2026-09-01,33,44,24,0.5454545454545454,9663.210011615502
2023-12-01,2026-10-01,34,44,24,0.5454545454545454,9721.189271685194
2023-12-01,2026-11-01,35,44,24,0.5454545454545454,9779.516407315305
2023-12-01,2026-12-01,36,44,23,0.5227272727272727,9428.268776352563
2024-01-01,2024-01-01,0,26,26,1.0,7661.891231144433
2024-01-01,2024-02-01,1,26,25,0.9615384615384616,7411.406325510865
2024-01-01,2024-03-01,2,26,25,0.9615384615384616,7455.874763463929
2024-01-01,2024-04-01,3,26,24,0.9230769230769231,7200.585611562926
2024-01-01,2024-05-01,4,26,23,0.8846153846153846,6941.9645783476235
2024-01-01,2024-06-01,5,26,23,0.8846153846153846,6983.616365817709
2024-01-01,2024-07-01,6,26,22,0.8461538461538461,6720.060756881632
2024-01-01,2024-08-01,7,26,22,0.8461538461538461,6760.381121422922
2024-01-01,2024-09-01,8,26,21,0.8076923076923077,6491.8096168718475
2024-01-01,2024-10-01,9,26,21,0.8076923076923077,6530.760474573079
2024-01-01,2024-11-01,10,26,20,0.7692307692307693,6257.090511829065
2024-01-01,2024-12-01,11,26,20,0.7692307692307693,6294.633054900039
2024-01-01,2025-01-01,12,26,19,0.7307692307692307,6015.780810567968
2024-01-01,2025-02-01,13,26,19,0.7307692307692307,6051.875495431375
2024-01-01,2025-03-01,14,26,18,0.6923076923076923,5767.755866909019
2024-01-01,2025-04-01,15,26,18,0.6923076923076923,5802.3624021104715
2024-01-01,2025-05-01,16,26,17,0.6538461538461539,5512.888988938516
2024-01-01,2025-06-01,17,26,17,0.6538461538461539,5545.966322872147
2024-01-01,2025-07-01,18,26,16,0.6153846153846154,5251.051407820593
2024-01-01,2025-08-01,19,26,16,0.6153846153846154,5282.557716267516
2024-01-01,2025-09-01,20,26,16,0.6153846153846154,5314.2530625651225
2024-01-01,2025-10-01,21,26,15,0.5769230769230769,5012.00491963173
2024-01-01,2025-11-01,22,26,15,0.5769230769230769,5042.07694914952
2024-01-01,2025-12-01,23,26,14,0.5384615384615384,4734.174116788124
2024-01-01,2026-01-01,24,26,14,0.5384615384615384,4762.579161488852
2024-01-01,2026-02-01,25,26,14,0.5384615384615384,4791.154636457785
2024-01-01,2026-03-01,26,26,13,0.5,4475.622881113923
2024-01-01,2026-04-01,27,26,13,0.5,4502.476618400606
2024-01-01,2026-05-01,28,26,13,0.5,4529.49147811101
2024-01-01,2026-06-01,29,26,12,0.46153846153846156,4206.155471058162
2024-01-01,2026-07-01,30,26,12,0.46153846153846156,4231.392403884512
2024-01-01,2026-08-01,31,26,12,0.46153846153846156,4256.780758307818
2024-01-01,2026-09-01,32,26,11,0.4230769230769231,3925.461322619527
2024-01-01,2026-10-01,33,26,11,0.4230769230769231,3949.0140905552444
2024-01-01,2026-11-01,34,26,11,0.4230769230769231,3972.7081750985753
2024-01-01,2026-12-01,35,26,11,0.4230769230769231,3996.544424149167
2024-02-01,2024-02-01,0,52,52,1.0,15510.017662228014
2024-02-01,2024-03-01,1,52,51,0.9807692307692307,15303.018580351356
2024-02-01,2024-04-01,2,52,50,0.9615384615384616,15092.977148856336
2024-02-01,2024-05-01,3,52,49,0.9423076923076923,14879.864311514488
2024-02-01,2024-06-01,4,52,48,0.9230769230769231,14663.650772947174
2024-02-01,2024-07-01,5,52,47,0.9038461538461539,14444.306996801839
2024-02-01,2024-08-01,6,52,46,0.8846153846153846,14221.803203914935
2024-02-01,2024-09-01,7,52,45,0.8653846153846154,13996.109370461501
2024-02-01,2024-10-01,8,52,44,0.8461538461538461,13767.195226091286
2024-02-01,2024-11-01,9,52,43,0.8269230769230769,13535.03025205129
2024-02-01,2024-12-01,10,52,42,0.8076923076923077,13299.583679294681
2024-02-01,2025-01-01,11,52,41,0.7884615384615384,13060.824486575913
2024-02-01,2025-02-01,12,52,40,0.7692307692307693,12818.721398532069
2024-02-01,2025-03-01,13,52,39,0.75,12573.24288375018
2024-02-01,2025-04-01,14,52,38,0.7307692307692307,12324.35715282056
2024-02-01,2025-05-01,15,52,38,0.7307692307692307,12398.303295737482
2024-02-01,2025-06-01,16,52,37,0.7115384615384616,12144.464349314227
2024-02-01,2025-07-01,17,52,36,0.6923076923076923,11887.132996615244
2024-02-01,2025-08-01,18,52,35,0.6730769230769231,11626.276466967298
2024-02-01,2025-09-01,19,52,34,0.6538461538461539,11361.8617221757
2024-02-01,2025-10-01,20,52,34,0.6538461538461539,11430.032892508754
2024-02-01,2025-11-01,21,52,33,0.6346153846153846,11160.41858722075
2024-02-01,2025-12-01,22,52,32,0.6153846153846154,10887.157429085166
2024-02-01,2026-01-01,23,52,32,0.6153846153846154,10952.480373659677
2024-02-01,2026-02-01,24,52,31,0.5961538461538461,10673.87665415471
2024-02-01,2026-03-01,25,52,30,0.5769230769230769,10391.535400722229
2024-02-01,2026-04-01,26,52,30,0.5769230769230769,10453.884613126564
2024-02-01,2026-05-01,27,52,29,0.5576923076923077,10166.054323445145
2024-02-01,2026-06-01,28,52,28,0.5384615384615384,9874.393730441478
2024-02-01,2026-07-01,29,52,28,0.5384615384615384,9933.640092824126
2024-02-01,2026-08-01,30,52,27,0.5192307692307693,9636.340435760318
2024-02-01,2026-09-01,31,52,27,0.5192307692307693,9694.15847837488
2024-02-01,2026-10-01,32,52,26,0.5,9391.126265199015
2024-02-01,2026-11-01,33,52,25,0.4807692307692308,9084.108675759817
2024-02-01,2026-12-01,34,52,25,0.4807692307692308,9138.613327814373
2024-03-01,2024-03-01,0,33,33,1.0,9293.770051330852
2024-03-01,2024-04-01,1,33,32,0.9696969696969697,9066.213499770993
2024-03-01,2024-05-01,2,33,32,0.9696969696969697,9120.610780769619
2024-03-01,2024-06-01,3,33,31,0.9393939393939394,8888.605244033793
2024-03-01,2024-07-01,4,33,31,0.9393939393939394,8941.936875497995
2024-03-01,2024-08-01,5,33,30,0.9090909090909091,8705.408222662241
2024-03-01,2024-09-01,6,33,30,0.9090909090909091,8757.640671998215
2024-03-01,2024-10-01,7,33,29,0.8787878787878788,8516.513632162532
2024-03-01,2024-11-01,8,33,29,0.8787878787878788,8567.612713955506
2024-03-01,2024-12-01,9,33,28,0.8484848484848485,8321.810859541334
2024-03-01,2025-01-01,10,33,28,0.8484848484848485,8371.741724698584
2024-03-01,2025-02-01,11,33,27,0.8181818181818182,8121.187454509389
2024-03-01,2025-03-01,12,33,27,0.8181818181818182,8169.914579236446
2024-03-01,2025-04-01,13,33,27,0.8181818181818182,8218.934066711865
2024-03-01,2025-05-01,14,33,26,0.7878787878787878,7962.016275885761
2024-03-01,2025-06-01,15,33,26,0.7878787878787878,8009.788373541074
2024-03-01,2025-07-01,16,33,25,0.7575757575757576,7747.929907483001
2024-03-01,2025-08-01,17,33,25,0.7575757575757576,7794.4174869278995
2024-03-01,2025-09-01,18,33,24,0.7272727272727273,7527.536632175488
2024-03-01,2025-10-01,19,33,24,0.7272727272727273,7572.701851968542
2024-03-01,2025-11-01,20,33,24,0.7272727272727273,7618.138063080353
2024-03-01,2025-12-01,21,33,23,0.696969696969697,7344.51993764805
2024-03-01,2026-01-01,22,33,23,0.696969696969697,7388.587057273938
2024-03-01,2026-02-01,23,33,22,0.6666666666666666,7109.748206590732
2024-03-01,2026-03-01,24,33,22,0.6666666666666666,7152.406695830276
2024-03-01,2026-04-01,25,33,22,0.6666666666666666,7195.321136005256
2024-03-01,2026-05-01,26,33,21,0.6363636363636364,6909.470650874867
2024-03-01,2026-06-01,27,33,21,0.6363636363636364,6950.9274747801155
2024-03-01,2026-07-01,28,33,21,0.6363636363636364,6992.633039628797
2024-03-01,2026-08-01,29,33,20,0.6060606060606061,6699.608417015779
2024-03-01,2026-09-01,30,33,20,0.6060606060606061,6739.806067517874
2024-03-01,2026-10-01,31,33,20,0.6060606060606061,6780.2449039229805
2024-03-01,2026-11-01,32,33,19,0.5757575757575758,6479.880054679194
2024-03-01,2026-12-01,33,33,19,0.5757575757575758,6518.759335007269
2024-04-01,2024-04-01,0,32,32,1.0,11564.613703313464
2024-04-01,2024-05-01,1,32,31,0.96875,11270.438842235428
2024-04-01,2024-06-01,2,32,31,0.96875,11338.06147528884
2024-04-01,2024-07-01,3,32,30,0.9375,11038.151462071524
2024-04-01,2024-08-01,4,32,29,0.90625,10734.234358482487
2024-04-01,2024-09-01,5,32,29,0.90625,10798.639764633383
2024-04-01,2024-10-01,6,32,28,0.875,10488.830513454935
2024-04-01,2024-11-01,7,32,28,0.875,10551.763496535665
2024-04-01,2024-12-01,8,32,27,0.84375,10235.964289032205
2024-04-01,2025-01-01,9,32,27,0.84375,10297.380074766397
2024-04-01,2025-02-01,10,32,26,0.8125,9975.491601318143
2024-04-01,2025-03-01,11,32,25,0.78125,9649.369760505819
2024-04-01,2025-04-01,12,32,25,0.78125,9707.265979068856
2024-04-01,2025-05-01,13,32,24,0.75,9374.889191945538
2024-04-01,2025-06-01,14,32,24,0.75,9431.138527097211
2024-04-01,2025-07-01,15,32,23,0.71875,9092.403468332303
2024-04-01,2025-08-01,16,32,23,0.71875,9146.957889142297
2024-04-01,2025-09-01,17,32,22,0.6875,8801.759652282492
2024-04-01,2025-10-01,18,32,22,0.6875,8854.570210196187
2024-04-01,2025-11-01,19,32,22,0.6875,8907.697631457364
2024-04-01,2025-12-01,20,32,21,0.65625,8553.819098280377
2024-04-01,2026-01-01,21,32,21,0.65625,8605.142012870057
2024-04-01,2026-02-01,22,32,20,0.625,8244.545585664075
2024-04-01,2026-03-01,23,32,20,0.625,8294.01285917806
2024-04-01,2026-04-01,24,32,19,0.59375,7926.588089516472
2024-04-01,2026-05-01,25,32,19,0.59375,7974.14761805357
2024-04-01,2026-06-01,26,32,19,0.59375,8021.992503761892
2024-04-01,2026-07-01,27,32,18,0.5625,7645.381066216859
2024-04-01,2026-08-01,28,32,18,0.5625,7691.253352614161
2024-04-01,2026-09-01,29,32,17,0.53125,7307.545268689299
2024-04-01,2026-10-01,30,32,17,0.53125,7351.390540301434
2024-04-01,2026-11-01,31,32,17,0.53125,7395.498883543242
2024-04-01,2026-12-01,32,32,16,0.5,7002.2323546771795
2024-05-01,2024-05-01,0,51,51,1.0,14823.172955646072
2024-05-01,2024-06-01,1,51,50,0.9803921568627451,14619.717640568579
2024-05-01,2024-07-01,2,51,48,0.9411764705882353,14119.138508555508
2024-05-01,2024-08-01,3,51,47,0.9215686274509803,13907.939728365036
2024-05-01,2024-09-01,4,51,46,0.9019607843137255,13693.698273825963
2024-05-01,2024-10-01,5,51,45,0.8823529411764706,13476.385236002205
2024-05-01,2024-11-01,6,51,44,0.8627450980392157,13255.9714685867
2024-05-01,2024-12-01,7,51,42,0.8235294117647058,12729.347874789211
2024-05-01,2025-01-01,8,51,41,0.803921568627451,12500.825772465614
2024-05-01,2025-02-01,9,51,40,0.7843137254901961,12269.103148390643
2024-05-01,2025-03-01,10,51,39,0.7647058823529411,12034.149823098962
2024-05-01,2025-04-01,11,51,38,0.7450980392156863,11795.93537019044
2024-05-01,2025-05-01,12,51,37,0.7254901960784313,11554.429114453382
2024-05-01,2025-06-01,13,51,36,0.7058823529411765,11309.600129974155
2024-05-01,2025-07-01,14,51,35,0.6862745098039216,11061.417238233054
2024-05-01,2025-08-01,15,51,34,0.6666666666666666,10809.849006186381
2024-05-01,2025-09-01,16,51,33,0.6470588235294118,10554.863744334574
2024-05-01,2025-10-01,17,51,33,0.6470588235294118,10618.19292680058
2024-05-01,2025-11-01,18,51,32,0.6274509803921569,10358.20808180498
2024-05-01,2025-12-01,19,51,31,0.6078431372549019,10094.721163724067
2024-05-01,2026-01-01,20,51,30,0.5882352941176471,9827.699507135236
2024-05-01,2026-02-01,21,51,29,0.5686274509803921,9557.110180705446
2024-05-01,2026-03-01,22,51,29,0.5686274509803921,9614.452841789678
2024-05-01,2026-04-01,23,51,28,0.5490196078431373,9338.617505087299
2024-05-01,2026-05-01,24,51,27,0.5294117647058824,9059.126024042187
2024-05-01,2026-06-01,25,51,26,0.5098039215686274,8775.94445499435
2024-05-01,2026-07-01,26,51,26,0.5098039215686274,8828.600121724316
2024-05-01,2026-08-01,27,51,25,0.49019607843137253,8539.972810052557
2024-05-01,2026-09-01,28,51,24,0.47058823529411764,8247.564141036359
2024-05-01,2026-10-01,29,51,24,0.47058823529411764,8297.049525882578
2024-05-01,2026-11-01,30,51,23,0.45098039215686275,7999.047163744627
2024-05-01,2026-12-01,31,51,23,0.45098039215686275,8047.041446727095
2024-06-01,2024-06-01,0,27,27,1.0,8454.358778850597
2024-06-01,2024-07-01,1,27,26,0.9629629629629629,8190.081785911712
2024-06-01,2024-08-01,2,27,26,0.9629629629629629,8239.222276627183
2024-06-01,2024-09-01,3,27,25,0.9259259259259259,7969.863086814372
2024-06-01,2024-10-01,4,27,24,0.8888888888888888,7696.9749747218475
2024-06-01,2024-11-01,5,27,24,0.8888888888888888,7743.156824570178
2024-06-01,2024-12-01,6,27,23,0.8518518518518519,7465.048441954365
2024-06-01,2025-01-01,7,27,22,0.8148148148148148,7183.324005101479
2024-06-01,2025-02-01,8,27,22,0.8148148148148148,7226.423949132088
2024-06-01,2025-03-01,9,27,21,0.7777777777777778,6939.337834062022
2024-06-01,2025-04-01,10,27,21,0.7777777777777778,6980.973861066395
2024-06-01,2025-05-01,11,27,20,0.7407407407407407,6688.4378135550405
2024-06-01,2025-06-01,12,27,20,0.7407407407407407,6728.568440436372
2024-06-01,2025-07-01,13,27,19,0.7037037037037037,6430.492858525041
2024-06-01,2025-08-01,14,27,19,0.7037037037037037,6469.075815676191
2024-06-01,2025-09-01,15,27,18,0.6666666666666666,6165.369730013918
2024-06-01,2025-10-01,16,27,18,0.6666666666666666,6202.361948394003
2024-06-01,2025-11-01,17,27,17,0.6296296296296297,5892.933002301902
2024-06-01,2025-12-01,18,27,17,0.6296296296296297,5928.290600315713
2024-06-01,2026-01-01,19,27,16,0.5925925925925926,5613.045029569513
2024-06-01,2026-02-01,20,27,16,0.5925925925925926,5646.72329974693
2024-06-01,2026-03-01,21,27,16,0.5925925925925926,5680.603639545411
2024-06-01,2026-04-01,22,27,15,0.5555555555555556,5357.519307546266
2024-06-01,2026-05-01,23,27,15,0.5555555555555556,5389.664423391544
2024-06-01,2026-06-01,24,27,14,0.5185185185185185,5060.535582603101
2024-06-01,2026-07-01,25,27,14,0.5185185185185185,5090.898796098719
2024-06-01,2026-08-01,26,27,14,0.5185185185185185,5121.444188875312
2024-06-01,2026-09-01,27,27,13,0.48148148148148145,4784.160507293665
2024-06-01,2026-10-01,28,27,13,0.48148148148148145,4812.865470337429
2024-06-01,2026-11-01,29,27,13,0.48148148148148145,4841.742663159453
2024-06-01,2026-12-01,30,27,12,0.4444444444444444,4496.116725358532
2024-07-01,2024-07-01,0,53,53,1.0,20460.229310373965
2024-07-01,2024-08-01,1,53,52,0.9811320754716981,20194.63237140156
2024-07-01,2024-09-01,2,53,51,0.9622641509433962,19925.111700906316
2024-07-01,2024-10-01,3,53,50,0.9433962264150944,19651.629775599762
2024-07-01,2024-11-01,4,53,49,0.9245283018867925,19374.14876316829
2024-07-01,2024-12-01,5,53,48,0.9056603773584906,19092.630519915725
2024-07-01,2025-01-01,6,53,47,0.8867924528301887,18807.03658838865
2024-07-01,2025-02-01,7,53,46,0.8679245283018868,18517.328194984537
2024-07-01,2025-03-01,8,53,45,0.8490566037735849,18223.46624754239
2024-07-01,2025-04-01,9,53,44,0.8301886792452831,17925.41133291592
2024-07-01,2025-05-01,10,53,43,0.8113207547169812,17623.123714529018
2024-07-01,2025-06-01,11,53,42,0.7924528301886793,17316.563329913493
2024-07-01,2025-07-01,12,53,41,0.7735849056603774,17005.689788228854
2024-07-01,2025-08-01,13,53,41,0.7735849056603774,17107.723926958228
2024-07-01,2025-09-01,14,53,40,0.7547169811320755,16790.60514197071
2024-07-01,2025-10-01,15,53,39,0.7358490566037735,16469.06505350197
2024-07-01,2025-11-01,16,53,38,0.7169811320754716,16143.062022186497
2024-07-01,2025-12-01,17,53,37,0.6981132075471698,15812.55406815331
2024-07-01,2026-01-01,18,53,37,0.6981132075471698,15907.42939256223
2024-07-01,2026-02-01,19,53,36,0.6792452830188679,15570.36386164956
2024-07-01,2026-03-01,20,53,35,0.660377358490566,15228.680876907805
2024-07-01,2026-04-01,21,53,34,0.6415094339622641,14882.337163250131
2024-07-01,2026-05-01,22,53,34,0.6415094339622641,14971.631186229632
2024-07-01,2026-06-01,23,53,33,0.6226415094339622,14618.476827072098
2024-07-01,2026-07-01,24,53,32,0.6037735849056604,14260.545636881969
2024-07-01,2026-08-01,25,53,32,0.6037735849056604,14346.10891070326
2024-07-01,2026-09-01,26,53,31,0.5849056603773585,13981.179765287246
2024-07-01,2026-10-01,27,53,30,0.5660377358490566,13611.355010205452
2024-07-01,2026-11-01,28,53,30,0.5660377358490566,13693.023140266689
2024-07-01,2026-12-01,29,53,29,0.5471698113207547,13316.008569804679
2024-08-01,2024-08-01,0,34,34,1.0,11419.057478696479
2024-08-01,2024-09-01,1,34,34,1.0,11487.571823568658
2024-08-01,2024-10-01,2,34,33,0.9705882352941176,11216.600276436242
2024-08-01,2024-11-01,3,34,33,0.9705882352941176,11283.899878094862
2024-08-01,2024-12-01,4,34,32,0.9411764705882353,11007.615299261508
2024-08-01,2025-01-01,5,34,32,0.9411764705882353,11073.660991057077
2024-08-01,2025-02-01,6,34,31,0.9117647058823529,10791.974739597064
2024-08-01,2025-03-01,7,34,31,0.9117647058823529,10856.726588034646
2024-08-01,2025-04-01,8,34,30,0.8823529411764706,10569.548658931793
2024-08-01,2025-05-01,9,34,30,0.8823529411764706,10632.965950885384
2024-08-01,2025-06-01,10,34,29,0.8529411764705882,10340.204955037674
2024-08-01,2025-07-01,11,34,29,0.8529411764705882,10402.2461847679
2024-08-01,2025-08-01,12,34,29,0.8529411764705882,10464.659661876509
2024-08-01,2025-09-01,13,34,28,0.8235294117647058,10164.432184680601
2024-08-01,2025-10-01,14,34,28,0.8235294117647058,10225.418777788685
2024-08-01,2025-11-01,15,34,27,0.7941176470588235,9919.386601510581
2024-08-01,2025-12-01,16,34,27,0.7941176470588235,9978.902921119645
2024-08-01,2026-01-01,17,34,27,0.7941176470588235,10038.776338646363
2024-08-01,2026-02-01,18,34,26,0.7647058823529411,9724.971626430899
2024-08-01,2026-03-01,19,34,26,0.7647058823529411,9783.321456189486
2024-08-01,2026-04-01,20,34,25,0.7352941176470589,9463.482100890982
2024-08-01,2026-05-01,21,34,25,0.7352941176470589,9520.262993496328
2024-08-01,2026-06-01,22,34,25,0.7352941176470589,9577.384571457305
2024-08-01,2026-07-01,23,34,24,0.7058823529411765,9249.45492373061
2024-08-01,2026-08-01,24,34,24,0.7058823529411765,9304.951653272992
2024-08-01,2026-09-01,25,34,24,0.7058823529411765,9360.78136319263
2024-08-01,2026-10-01,26,34,23,0.6764705882352942,9024.573299231295
2024-08-01,2026-11-01,27,34,23,0.6764705882352942,9078.720739026681
2024-08-01,2026-12-01,28,34,23,0.6764705882352942,9133.193063460843
2024-09-01,2024-09-01,0,27,27,1.0,11317.830622474681
2024-09-01,2024-10-01,1,27,26,0.9629629629629629,10964.04362079436
2024-09-01,2024-11-01,2,27,26,0.9629629629629629,11029.827882519126
2024-09-01,2024-12-01,3,27,25,0.9259259259259259,10669.237355590618
2024-09-01,2025-01-01,4,27,25,0.9259259259259259,10733.25277972416
2024-09-01,2025-02-01,5,27,24,0.8888888888888888,10365.746204546407
2024-09-01,2025-03-01,6,27,23,0.8518518518518519,9993.443153366448
2024-09-01,2025-04-01,7,27,23,0.8518518518518519,10053.403812286648
2024-09-01,2025-05-01,8,27,22,0.8148148148148148,9673.99709450122
2024-09-01,2025-06-01,9,27,22,0.8148148148148148,9732.041077068227
2024-09-01,2025-07-01,10,27,21,0.7777777777777778,9345.413627006517
2024-09-01,2025-08-01,11,27,21,0.7777777777777778,9401.486108768557
2024-09-01,2025-09-01,12,27,20,0.7407407407407407,9007.519071829684
2024-09-01,2025-10-01,13,27,20,0.7407407407407407,9061.564186260663
2024-09-01,2025-11-01,14,27,19,0.7037037037037037,8660.136892809316
2024-09-01,2025-12-01,15,27,19,0.7037037037037037,8712.09771416617
2024-09-01,2026-01-01,16,27,18,0.6666666666666666,8303.087653059001
2024-09-01,2026-02-01,17,27,18,0.6666666666666666,8352.906178977355
2024-09-01,2026-03-01,18,27,17,0.6296296296296297,7936.18897071504
2024-09-01,2026-04-01,19,27,17,0.6296296296296297,7983.806104539331
2024-09-01,2026-05-01,20,27,17,0.6296296296296297,8031.7089411665675
2024-09-01,2026-06-01,21,27,16,0.5925925925925926,7604.611006883356
2024-09-01,2026-07-01,22,27,16,0.5925925925925926,7650.2386729246555
2024-09-01,2026-08-01,23,27,16,0.5925925925925926,7696.1401049622045
2024-09-01,2026-09-01,24,27,15,0.5555555555555556,7258.422136492479
2024-09-01,2026-10-01,25,27,15,0.5555555555555556,7301.9726693114335
2024-09-01,2026-11-01,26,27,14,0.5185185185185185,6856.065538305483
2024-09-01,2026-12-01,27,27,14,0.5185185185185185,6897.201931535315
2024-10-01,2024-10-01,0,37,37,1.0,11583.892822242378
2024-10-01,2024-11-01,1,37,36,0.972972972972973,11338.439525684595
2024-10-01,2024-12-01,2,37,36,0.972972972972973,11406.470162838701
2024-10-01,2025-01-01,3,37,35,0.9459459459459459,11156.161512043076
2024-10-01,2025-02-01,4,37,35,0.9459459459459459,11223.098481115332
2024-10-01,2025-03-01,5,37,34,0.918918918918919,10967.85315565911
2024-10-01,2025-04-01,6,37,34,0.918918918918919,11033.660274593065
2024-10-01,2025-05-01,7,37,33,0.8918918918918919,10773.395699880606
2024-10-01,2025-06-01,8,37,33,0.8918918918918919,10838.036074079888
2024-10-01,2025-07-01,9,37,32,0.8648648648648649,10572.66840293272
2024-10-01,2025-08-01,10,37,32,0.8648648648648649,10636.104413350318
2024-10-01,2025-09-01,11,37,31,0.8378378378378378,10365.54850733572
2024-10-01,2025-10-01,12,37,31,0.8378378378378378,10427.741798379733
2024-10-01,2025-11-01,13,37,31,0.8378378378378378,10490.308249170013
2024-10-01,2025-12-01,14,37,30,0.8108108108108109,10212.82267612745
2024-10-01,2026-01-01,15,37,30,0.8108108108108109,10274.099612184214
2024-10-01,2026-02-01,16,37,29,0.7837837837837838,9991.219402862076
2024-10-01,2026-03-01,17,37,29,0.7837837837837838,10051.166719279248
2024-10-01,2026-04-01,18,37,28,0.7567567567567568,9762.802212022685
2024-10-01,2026-05-01,19,37,28,0.7567567567567568,9821.379025294822
2024-10-01,2026-06-01,20,37,28,0.7567567567567568,9880.307299446591
2024-10-01,2026-07-01,21,37,27,0.7297297297297297,9584.603816698867
2024-10-01,2026-08-01,22,37,27,0.7297297297297297,9642.11143959906
2024-10-01,2026-09-01,23,37,26,0.7027027027027027,9340.706178301965
2024-10-01,2026-10-01,24,37,26,0.7027027027027027,9396.750415371776
2024-10-01,2026-11-01,25,37,26,0.7027027027027027,9453.130917864006
2024-10-01,2026-12-01,26,37,25,0.6756756756756757,9144.08625324153
2024-11-01,2024-11-01,0,28,28,1.0,9861.54440299423
2024-11-01,2024-12-01,1,28,28,1.0,9920.713669412195
2024-11-01,2025-01-01,2,28,27,0.9642857142857143,9623.800881734787
2024-11-01,2025-02-01,3,28,27,0.9642857142857143,9681.543687025198
2024-11-01,2025-03-01,4,28,26,0.9285714285714286,9378.905802882631
2024-11-01,2025-04-01,5,28,26,0.9285714285714286,9435.179237699927
2024-11-01,2025-05-01,6,28,26,0.9285714285714286,9491.790313126126
2024-11-01,2025-06-01,7,28,25,0.8928571428571429,9181.481783658543
2024-11-01,2025-07-01,8,28,25,0.8928571428571429,9236.570674360493
2024-11-01,2025-08-01,9,28,24,0.8571428571428571,8920.310494470388
2024-11-01,2025-09-01,10,28,24,0.8571428571428571,8973.832357437212
2024-11-01,2025-10-01,11,28,24,0.8571428571428571,9027.675351581835
2024-11-01,2025-11-01,12,28,23,0.8214285714285714,8703.43134520419
2024-11-01,2025-12-01,13,28,23,0.8214285714285714,8755.651933275414
2024-11-01,2026-01-01,14,28,23,0.8214285714285714,8808.185844875066
2024-11-01,2026-02-01,15,28,22,0.7857142857142857,8475.77257038152
2024-11-01,2026-03-01,16,28,22,0.7857142857142857,8526.627205803808
2024-11-01,2026-04-01,17,28,22,0.7857142857142857,8577.786969038632
2024-11-01,2026-05-01,18,28,21,0.75,8237.014886723187
2024-11-01,2026-06-01,19,28,21,0.75,8286.436976043527
2024-11-01,2026-07-01,20,28,21,0.75,8336.15559789979
2024-11-01,2026-08-01,21,28,20,0.7142857142857143,7986.8309823687505
2024-11-01,2026-09-01,22,28,20,0.7142857142857143,8034.751968262963
2024-11-01,2026-10-01,23,28,20,0.7142857142857143,8082.960480072541
2024-11-01,2026-11-01,24,28,19,0.6785714285714286,7724.885330805328
2024-11-01,2026-12-01,25,28,19,0.6785714285714286,7771.234642790159
2024-12-01,2024-12-01,0,25,25,1.0,7293.398790639534
2024-12-01,2025-01-01,1,25,25,1.0,7337.159183383372
2024-12-01,2025-02-01,2,25,24,0.96,7085.934852944325
2024-12-01,2025-03-01,3,25,24,0.96,7128.450462061992
2024-12-01,2025-04-01,4,25,24,0.96,7171.221164834363
2024-12-01,2025-05-01,5,25,23,0.92,6913.654804664063
2024-12-01,2025-06-01,6,25,23,0.92,6955.136733492047
2024-12-01,2025-07-01,7,25,22,0.88,6692.6559211150425
2024-12-01,2025-08-01,8,25,22,0.88,6732.811856641732
2024-12-01,2025-09-01,9,25,22,0.88,6773.208727781583
2024-12-01,2025-10-01,10,25,21,0.84,6504.127617414261
2024-12-01,2025-11-01,11,25,21,0.84,6543.152383118746
2024-12-01,2025-12-01,12,25,21,0.84,6582.4112974174595
2024-12-01,2026-01-01,13,25,21,0.84,6621.905765201964
2024-12-01,2026-02-01,14,25,20,0.8,6344.416380755406
2024-12-01,2026-03-01,15,25,20,0.8,6382.482879039937
2024-12-01,2026-04-01,16,25,20,0.8,6420.777776314178
2024-12-01,2026-05-01,17,25,19,0.76,6136.337320823459
2024-12-01,2026-06-01,18,25,19,0.76,6173.155344748399
2024-12-01,2026-07-01,19,25,19,0.76,6210.19427681689
2024-12-01,2026-08-01,20,25,18,0.72,5918.641998136856
2024-12-01,2026-09-01,21,25,18,0.72,5954.153850125676
2024-12-01,2026-10-01,22,25,18,0.72,5989.87877322643
2024-12-01,2026-11-01,23,25,18,0.72,6025.81804586579
2024-12-01,2026-12-01,24,25,17,0.68,5725.196678910929
2025-01-01,2025-01-01,0,39,39,1.0,11863.171414642362
2025-01-01,2025-02-01,1,39,38,0.9743589743589743,11628.34145740893
2025-01-01,2025-03-01,2,39,38,0.9743589743589743,11698.111506153382
2025-01-01,2025-04-01,3,39,37,0.9487179487179487,11458.608065316876
2025-01-01,2025-05-01,4,39,37,0.9487179487179487,11527.359713708775
2025-01-01,2025-06-01,5,39,36,0.9230769230769231,11283.10430788316
2025-01-01,2025-07-01,6,39,35,0.8974358974358975,11035.502852237947
2025-01-01,2025-08-01,7,39,35,0.8974358974358975,11101.715869351376
2025-01-01,2025-09-01,8,39,34,0.8717948717948718,10849.231131294126
2025-01-01,2025-10-01,9,39,34,0.8717948717948718,10914.32651808189
2025-01-01,2025-11-01,10,39,33,0.8461538461538461,10656.876816096548
2025-01-01,2025-12-01,11,39,33,0.8461538461538461,10720.818076993128
2025-01-01,2026-01-01,12,39,32,0.8205128205128205,10458.320470744327
2025-01-01,2026-02-01,13,39,32,0.8205128205128205,10521.070393568794
2025-01-01,2026-03-01,14,39,31,0.7948717948717948,10253.440665432388
2025-01-01,2026-04-01,15,39,31,0.7948717948717948,10314.96130942498
2025-01-01,2026-05-01,16,39,30,0.7692307692307693,10042.11394575632
2025-01-01,2026-06-01,17,39,30,0.7692307692307693,10102.366629430859
2025-01-01,2026-07-01,18,39,29,0.7435897435897436,9824.214801567196
2025-01-01,2026-08-01,19,39,29,0.7435897435897436,9883.1600903766
2025-01-01,2026-09-01,20,39,28,0.717948717948718,9599.615635369933
2025-01-01,2026-10-01,21,39,28,0.717948717948718,9657.213329182152
2025-01-01,2026-11-01,22,39,28,0.717948717948718,9715.156609157246
2025-01-01,2026-12-01,23,39,27,0.6923076923076923,9424.395850640323
2025-02-01,2025-02-01,0,27,27,1.0,9207.899601135134
2025-02-01,2025-03-01,1,27,26,0.9629629629629629,8920.06748027002
2025-02-01,2025-04-01,2,27,26,0.9629629629629629,8973.587885151639
2025-02-01,2025-05-01,3,27,25,0.9259259259259259,8680.220588906297
2025-02-01,2025-06-01,4,27,25,0.9259259259259259,8732.301912439734
2025-02-01,2025-07-01,5,27,24,0.8888888888888888,8433.3078949578
2025-02-01,2025-08-01,6,27,24,0.8888888888888888,8483.907742327547
2025-02-01,2025-09-01,7,27,23,0.8518518518518519,8179.194055915615
2025-02-01,2025-10-01,8,27,23,0.8518518518518519,8228.269220251108
2025-02-01,2025-11-01,9,27,22,0.8148148148148148,7917.741494895545
2025-02-01,2025-12-01,10,27,22,0.8148148148148148,7965.247943864919
2025-02-01,2026-01-01,11,27,21,0.7777777777777778,7648.810366458649
2025-02-01,2026-02-01,12,27,21,0.7777777777777778,7694.703228657401
2025-02-01,2026-03-01,13,27,20,0.7407407407407407,7372.25852193271
2025-02-01,2026-04-01,14,27,20,0.7407407407407407,7416.492073064307
2025-02-01,2026-05-01,15,27,19,0.7037037037037037,7087.941474227557
2025-02-01,2026-06-01,16,27,19,0.7037037037037037,7130.469123072923
2025-02-01,2026-07-01,17,27,19,0.7037037037037037,7173.25193781136
2025-02-01,2026-08-01,18,27,18,0.6666666666666666,6836.4866363099
2025-02-01,2026-09-01,19,27,18,0.6666666666666666,6877.5055561277595
2025-02-01,2026-10-01,20,27,17,0.6296296296296297,6534.394445605387
2025-02-01,2026-11-01,21,27,17,0.6296296296296297,6573.600812279018
2025-02-01,2026-12-01,22,27,17,0.6296296296296297,6613.042417152692
2025-03-01,2025-03-01,0,45,45,1.0,18481.811650585914
2025-03-01,2025-04-01,1,45,44,0.9777777777777777,18179.53135336744
2025-03-01,2025-05-01,2,45,43,0.9555555555555556,17872.958347362925
2025-03-01,2025-06-01,3,45,42,0.9333333333333333,17562.05200215764
2025-03-01,2025-07-01,4,45,41,0.9111111111111111,17246.771354309378
2025-03-01,2025-08-01,5,45,40,0.8888888888888888,16927.075104814863
2025-03-01,2025-09-01,6,45,39,0.8666666666666667,16602.921616557658
2025-03-01,2025-10-01,7,45,39,0.8666666666666667,16702.539146257004
2025-03-01,2025-11-01,8,45,38,0.8444444444444444,16371.91452520802
2025-03-01,2025-12-01,9,45,37,0.8222222222222222,16036.721117297182
2025-03-01,2026-01-01,10,45,36,0.8,15696.91599956851
2025-03-01,2026-02-01,11,45,35,0.7777777777777778,15352.455898466866
2025-03-01,2026-03-01,12,45,35,0.7777777777777778,15444.570633857667
2025-03-01,2026-04-01,13,45,34,0.7555555555555555,15093.316970299076
2025-03-01,2026-05-01,14,45,33,0.7333333333333333,14737.292258234964
2025-03-01,2026-06-01,15,45,32,0.7111111111111111,14376.451890215147
2025-03-01,2026-07-01,16,45,32,0.7111111111111111,14462.71060155644
2025-03-01,2026-08-01,17,45,31,0.6888888888888889,14094.815400629346
2025-03-01,2026-09-01,18,45,30,0.6666666666666666,13721.984799709475
2025-03-01,2026-10-01,19,45,30,0.6666666666666666,13804.316708507731
2025-03-01,2026-11-01,20,45,29,0.6444444444444445,13424.237855133486
2025-03-01,2026-12-01,21,45,28,0.6222222222222222,13039.10110011724
2025-04-01,2025-04-01,0,27,27,1.0,8244.501288105781
2025-04-01,2025-05-01,1,27,27,1.0,8293.968295834416
2025-04-01,2025-06-01,2,27,26,0.9629629629629629,8034.704990586851
2025-04-01,2025-07-01,3,27,26,0.9629629629629629,8082.913220530373
2025-04-01,2025-08-01,4,27,25,0.9259259259259259,7818.664134474571
2025-04-01,2025-09-01,5,27,25,0.9259259259259259,7865.57611928142
2025-04-01,2025-10-01,6,27,24,0.8888888888888888,7596.258792957224
2025-04-01,2025-11-01,7,27,24,0.8888888888888888,7641.836345714967
2025-04-01,2025-12-01,8,27,24,0.8888888888888888,7687.687363789257
2025-04-01,2026-01-01,9,27,23,0.8518518518518519,7411.571259306493
2025-04-01,2026-02-01,10,27,23,0.8518518518518519,7456.040686862333
2025-04-01,2026-03-01,11,27,22,0.8148148148148148,7174.656194853789
2025-04-01,2026-04-01,12,27,22,0.8148148148148148,7217.704132022912
2025-04-01,2026-05-01,13,27,22,0.8148148148148148,7261.01035681505
2025-04-01,2026-06-01,14,27,21,0.7777777777777778,6972.550218094306
2025-04-01,2026-07-01,15,27,21,0.7777777777777778,7014.385519402871
2025-04-01,2026-08-01,16,27,21,0.7777777777777778,7056.471832519289
2025-04-01,2026-09-01,17,27,20,0.7407407407407407,6760.772060489909
2025-04-01,2026-10-01,18,27,20,0.7407407407407407,6801.3366928528485
2025-04-01,2026-11-01,19,27,20,0.7407407407407407,6842.144713009966
2025-04-01,2026-12-01,20,27,19,0.7037037037037037,6539.037702223625
2025-05-01,2025-05-01,0,25,25,1.0,7895.674102228562
2025-05-01,2025-06-01,1,25,24,0.96,7625.326220968257
2025-05-01,2025-07-01,2,25,24,0.96,7671.078178294066
2025-05-01,2025-08-01,3,25,23,0.92,7395.558620390339
2025-05-01,2025-09-01,4,25,23,0.92,7439.93197211268
2025-05-01,2025-10-01,5,25,22,0.88,7159.15540899121
2025-05-01,2025-11-01,6,25,21,0.84,6874.741689561287
2025-05-01,2025-12-01,7,25,21,0.84,6915.990139698654
2025-05-01,2026-01-01,8,25,20,0.8,6626.177219558901
2025-05-01,2026-02-01,9,25,20,0.8,6665.934282876255
2025-05-01,2026-03-01,10,25,19,0.76,6370.6333941448365
2025-05-01,2026-04-01,11,25,19,0.76,6408.857194509706
2025-05-01,2026-05-01,12,25,18,0.72,6107.978214641145
2025-05-01,2026-06-01,13,25,18,0.72,6144.626083928993
2025-05-01,2026-07-01,14,25,17,0.68,5838.07751596409
2025-05-01,2026-08-01,15,25,17,0.68,5873.105981059874
2025-05-01,2026-09-01,16,25,17,0.68,5908.344616946233
2025-05-01,2026-10-01,17,25,16,0.64,5594.159703198034
2025-05-01,2026-11-01,18,25,16,0.64,5627.724661417222
2025-05-01,2026-12-01,19,25,15,0.6,5307.647821299118
2025-06-01,2025-06-01,0,28,28,1.0,10784.401108658254
2025-06-01,2025-07-01,1,28,27,0.9642857142857143,10461.639389763412
2025-06-01,2025-08-01,2,28,27,0.9642857142857143,10524.40922610199
2025-06-01,2025-09-01,3,28,26,0.9285714285714286,10195.42398955273
2025-06-01,2025-10-01,4,28,26,0.9285714285714286,10256.596533490045
2025-06-01,2025-11-01,5,28,25,0.8928571428571429,9921.284723741333
2025-06-01,2025-12-01,6,28,25,0.8928571428571429,9980.812432083781
2025-06-01,2026-01-01,7,28,24,0.8571428571428571,9639.069414409232
2025-06-01,2026-02-01,8,28,24,0.8571428571428571,9696.903830895686
2025-06-01,2026-03-01,9,28,23,0.8214285714285714,9348.623368302684
2025-06-01,2026-04-01,10,28,23,0.8214285714285714,9404.7151085125
2025-06-01,2026-05-01,11,28,22,0.7857142857142857,9049.789338330376
2025-06-01,2026-06-01,12,28,22,0.7857142857142857,9104.088074360361
2025-06-01,2026-07-01,13,28,22,0.7857142857142857,9158.712602806523
2025-06-01,2026-08-01,14,28,21,0.75,8794.861929404116
2025-06-01,2026-09-01,15,28,21,0.75,8847.631100980541
2025-06-01,2026-10-01,16,28,20,0.7142857142857143,8476.873226272786
2025-06-01,2026-11-01,17,28,20,0.7142857142857143,8527.734465630423
2025-06-01,2026-12-01,18,28,19,0.6785714285714286,8149.955828802995
2025-07-01,2025-07-01,0,51,51,1.0,16588.15056168498
2025-07-01,2025-08-01,1,51,50,0.9803921568627451,16360.470063779496
2025-07-01,2025-09-01,2,51,49,0.9607843137254902,16129.46022647893
2025-07-01,2025-10-01,3,51,47,0.9215686274509803,15563.941600579119
2025-07-01,2025-11-01,4,51,46,0.9019607843137255,15324.190670391474
2025-07-01,2025-12-01,5,51,45,0.8823529411764706,15081.002427143958
2025-07-01,2026-01-01,6,51,44,0.8627450980392157,14834.344254113335
2025-07-01,2026-02-01,7,51,43,0.8431372549019608,14584.183266918972
2025-07-01,2026-03-01,8,51,42,0.8235294117647058,14330.486311485123
2025-07-01,2026-04-01,9,51,41,0.803921568627451,14073.219961988461
2025-07-01,2026-05-01,10,51,40,0.7843137254901961,13812.35051879063
2025-07-01,2026-06-01,11,51,39,0.7647058823529411,13547.844006355788
2025-07-01,2026-07-01,12,51,38,0.7450980392156863,13279.666171153054
2025-07-01,2026-08-01,13,51,37,0.7254901960784313,13007.782479543657
2025-07-01,2026-09-01,14,51,36,0.7058823529411765,12732.158115652786
2025-07-01,2026-10-01,15,51,35,0.6862745098039216,12452.75797922596
2025-07-01,2026-11-01,16,51,35,0.6862745098039216,12527.474527101316
2025-07-01,2026-12-01,17,51,34,0.6666666666666666,12242.563963570668
2025-08-01,2025-08-01,0,34,34,1.0,9946.653391467238
2025-08-01,2025-09-01,1,34,33,0.9705882352941176,9712.029390880276
2025-08-01,2025-10-01,2,34,33,0.9705882352941176,9770.301567225557
2025-08-01,2025-11-01,3,34,32,0.9411764705882353,9531.077213700763
2025-08-01,2025-12-01,4,34,32,0.9411764705882353,9588.263676982966
2025-08-01,2026-01-01,5,34,31,0.9117647058823529,9344.362219699711
2025-08-01,2026-02-01,6,34,31,0.9117647058823529,9400.42839301791
2025-08-01,2026-03-01,7,34,30,0.8823529411764706,9151.771900041307
2025-08-01,2026-04-01,8,34,30,0.8823529411764706,9206.682531441555
2025-08-01,2026-05-01,9,34,29,0.8529411764705882,8953.191872409197
2025-08-01,2026-06-01,10,34,29,0.8529411764705882,9006.911023643654
2025-08-01,2026-07-01,11,34,29,0.8529411764705882,9060.952489785515
2025-08-01,2026-08-01,12,34,28,0.8235294117647058,8800.996887319945
2025-08-01,2026-09-01,13,34,28,0.8235294117647058,8853.802868643865
2025-08-01,2026-10-01,14,34,27,0.7941176470588235,8588.821197075167
2025-08-01,2026-11-01,15,34,27,0.7941176470588235,8640.354124257616
2025-08-01,2026-12-01,16,34,26,0.7647058823529411,8370.263054595638
2025-09-01,2025-09-01,0,41,41,1.0,13397.110120038396
2025-09-01,2025-10-01,1,41,40,0.975609756097561,13148.773444642562
2025-09-01,2025-11-01,2,41,39,0.9512195121951219,12896.974433177656
2025-09-01,2025-12-01,3,41,39,0.9512195121951219,12974.356279776724
2025-09-01,2026-01-01,4,41,38,0.926829268292683,12717.530560597552
2025-09-01,2026-02-01,5,41,37,0.9024390243902439,12457.155855962163
2025-09-01,2026-03-01,6,41,36,0.8780487804878049,12193.198823770963
2025-09-01,2026-04-01,7,41,35,0.8536585365853658,11925.625849582655
2025-09-01,2026-05-01,8,41,35,0.8536585365853658,11997.17960468015
2025-09-01,2026-06-01,9,41,34,0.8292682926829268,11724.329462813712
2025-09-01,2026-07-01,10,41,33,0.8048780487804879,11447.773220779107
2025-09-01,2026-08-01,11,41,33,0.8048780487804879,11516.459860103781
2025-09-01,2026-09-01,12,41,32,0.7804878048780488,11234.4810853473
2025-09-01,2026-10-01,13,41,31,0.7560975609756098,10948.70397273878
2025-09-01,2026-11-01,14,41,31,0.7560975609756098,11014.396196575211
2025-09-01,2026-12-01,15,41,30,0.7317073170731707,10723.04765202064
2025-10-01,2025-10-01,0,26,26,1.0,9818.044110994359
2025-10-01,2025-11-01,1,26,25,0.9615384615384616,9497.06959198108
2025-10-01,2025-12-01,2,26,25,0.9615384615384616,9554.052009532967
2025-10-01,2026-01-01,3,26,25,0.9615384615384616,9611.376321590167
2025-10-01,2026-02-01,4,26,24,0.9230769230769231,9282.282796338919
2025-10-01,2026-03-01,5,26,24,0.9230769230769231,9337.976493116954
2025-10-01,2026-04-01,6,26,23,0.8846153846153846,9002.587504072502
2025-10-01,2026-05-01,7,26,23,0.8846153846153846,9056.603029096937
2025-10-01,2026-06-01,8,26,22,0.8461538461538461,8714.814706085801
2025-10-01,2026-07-01,9,26,22,0.8461538461538461,8767.103594322314
2025-10-01,2026-08-01,10,26,21,0.8076923076923077,8418.81047880242
2025-10-01,2026-09-01,11,26,21,0.8076923076923077,8469.323341675234
2025-10-01,2026-10-01,12,26,21,0.8076923076923077,8520.139281725287
2025-10-01,2026-11-01,13,26,20,0.7692307692307693,8163.1048737291785
2025-10-01,2026-12-01,14,26,20,0.7692307692307693,8212.083502971554
2025-11-01,2025-11-01,0,35,35,1.0,13168.84371689247
2025-11-01,2025-12-01,1,35,34,0.9714285714285714,12869.346585502572
2025-11-01,2026-01-01,2,35,34,0.9714285714285714,12946.562665015586
2025-11-01,2026-02-01,3,35,33,0.9428571428571428,12641.176098623164
2025-11-01,2026-03-01,4,35,32,0.9142857142857143,12331.658817178084
2025-11-01,2026-04-01,5,35,31,0.8857142857142857,12017.972246016117
2025-11-01,2026-05-01,6,35,31,0.8857142857142857,12090.080079492214
2025-11-01,2026-06-01,7,35,30,0.8571428571428571,11770.277961260485
2025-11-01,2026-07-01,8,35,29,0.8285714285714286,11446.202974727112
2025-11-01,2026-08-01,9,35,29,0.8285714285714286,11514.880192575474
2025-11-01,2026-09-01,10,35,28,0.8,11184.522250498829
2025-11-01,2026-10-01,11,35,28,0.8,11251.62938400182
2025-11-01,2026-11-01,12,35,27,0.7714285714285715,10914.88419029491
2025-11-01,2026-12-01,13,35,26,0.7428571428571429,10573.692995605692
2025-12-01,2025-12-01,0,54,54,1.0,16201.304012691531
2025-12-01,2026-01-01,1,54,53,0.9814814814814815,15996.687543494205
2025-12-01,2026-02-01,2,54,52,0.9629629629629629,15789.032429722054
2025-12-01,2026-03-01,3,54,51,0.9444444444444444,15578.309573833072
2025-12-01,2026-04-01,4,54,50,0.9259259259259259,15364.489638505951
2025-12-01,2026-05-01,5,54,49,0.9074074074074074,15147.543044810247
2025-12-01,2026-06-01,6,54,48,0.8888888888888888,14927.439970363208
2025-12-01,2026-07-01,7,54,47,0.8703703703703703,14704.15034747319
2025-12-01,2026-08-01,8,54,46,0.8518518518518519,14477.643861269562
2025-12-01,2026-09-01,9,54,45,0.8333333333333334,14247.88994781898
2025-12-01,2026-10-01,10,54,44,0.8148148148148148,14014.857792227986
2025-12-01,2026-11-01,11,54,43,0.7962962962962963,13778.516326731777
2025-12-01,2026-12-01,12,54,42,0.7777777777777778,13538.834228769096
2026-01-01,2026-01-01,0,30,30,1.0,12672.56526295553
2026-01-01,2026-02-01,1,30,29,0.9666666666666667,12323.647299382155
2026-01-01,2026-03-01,2,30,29,0.9666666666666667,12397.589183178447
2026-01-01,2026-04-01,3,30,28,0.9333333333333333,12041.906624543812
2026-01-01,2026-05-01,4,30,28,0.9333333333333333,12114.158064291074
2026-01-01,2026-06-01,5,30,27,0.9,11751.598619366932
2026-01-01,2026-07-01,6,30,26,0.8666666666666667,11384.252351413388
2026-01-01,2026-08-01,7,30,26,0.8666666666666667,11452.557865521869
2026-01-01,2026-09-01,8,30,25,0.8333333333333334,11078.14731991827
2026-01-01,2026-10-01,9,30,25,0.8333333333333334,11144.616203837779
2026-01-01,2026-11-01,10,30,24,0.8,10763.024545018374
2026-01-01,2026-12-01,11,30,24,0.8,10827.602692288485
2026-02-01,2026-02-01,0,29,29,1.0,12222.10405990675
2026-02-01,2026-03-01,1,29,29,1.0,12295.43668426619
2026-02-01,2026-04-01,2,29,28,0.9655172413793104,11942.684845600346
2026-02-01,2026-05-01,3,29,28,0.9655172413793104,12014.34095467395
2026-02-01,2026-06-01,4,29,27,0.9310344827586207,11654.768893244776
2026-02-01,2026-07-01,5,29,27,0.9310344827586207,11724.697506604245
2026-02-01,2026-08-01,6,29,27,0.9310344827586207,11795.04569164387
2026-02-01,2026-09-01,7,29,26,0.896551724137931,11426.341300393968
2026-02-01,2026-10-01,8,29,26,0.896551724137931,11494.89934819633
2026-02-01,2026-11-01,9,29,26,0.896551724137931,11563.868744285508
2026-02-01,2026-12-01,10,29,25,0.8620689655172413,11185.819189183869
2026-03-01,2026-03-01,0,43,43,1.0,18417.130858576482
2026-03-01,2026-04-01,1,43,42,0.9767441860465116,18096.758442711012
2026-03-01,2026-05-01,2,43,42,0.9767441860465116,18205.338993367277
2026-03-01,2026-06-01,3,43,41,0.9534883720930233,17878.509812391112
2026-03-01,2026-07-01,4,43,40,0.9302325581395349,17547.10328903947
2026-03-01,2026-08-01,5,43,39,0.9069767441860465,17211.076261054364
2026-03-01,2026-09-01,6,43,39,0.9069767441860465,17314.342718620694
2026-03-01,2026-10-01,7,43,38,0.8837209302325582,16971.607524293126
2026-03-01,2026-11-01,8,43,37,0.8604651162790697,16624.136191295755
2026-03-01,2026-12-01,9,43,37,0.8604651162790697,16723.881008443528
2026-04-01,2026-04-01,0,55,55,1.0,20034.05097288491
2026-04-01,2026-05-01,1,55,54,0.9818181818181818,19787.81427365454
2026-04-01,2026-06-01,2,55,53,0.9636363636363636,19537.90150819839
2026-04-01,2026-07-01,3,55,52,0.9454545454545454,19284.27742824291
2026-04-01,2026-08-01,4,55,51,0.9272727272727272,19026.906494873663
2026-04-01,2026-09-01,5,55,50,0.9090909090909091,18765.75287631658
2026-04-01,2026-10-01,6,55,49,0.8909090909090909,18500.780445702985
2026-04-01,2026-11-01,7,55,49,0.8909090909090909,18611.785128377207
2026-04-01,2026-12-01,8,55,48,0.8727272727272727,18341.344495491398
2026-05-01,2026-05-01,0,26,26,1.0,10640.820896213985
2026-05-01,2026-06-01,1,26,26,1.0,10704.665821591268
2026-05-01,2026-07-01,2,26,25,0.9615384615384616,10354.705592808477
2026-05-01,2026-08-01,3,26,25,0.9615384615384616,10416.833826365331
2026-05-01,2026-09-01,4,26,24,0.9230769230769231,10060.16143615058
2026-05-01,2026-10-01,5,26,24,0.9230769230769231,10120.522404767484
2026-05-01,2026-11-01,6,26,24,0.9230769230769231,10181.245539196088
2026-05-01,2026-12-01,7,26,23,0.8846153846153846,9815.569136913296
2026-06-01,2026-06-01,0,49,49,1.0,18057.448949492977
2026-06-01,2026-07-01,1,49,48,0.9795918367346939,17795.063160675858
2026-06-01,2026-08-01,2,49,47,0.9591836734693877,17528.878674230746
2026-06-01,2026-09-01,3,49,47,0.9591836734693877,17634.051946276133
2026-06-01,2026-10-01,4,49,46,0.9387755102040817,17362.412507784557
2026-06-01,2026-11-01,5,49,45,0.9183673469387755,17086.87857016102
2026-06-01,2026-12-01,6,49,44,0.8979591836734694,16807.41317843572
